[
    {
        "key": "project_name",
        "q": "Project name?",
        "default": "%(project_name)s"
    },
    {
        "key": "version",
        "q": "Version number?",
        "default": "0.1.0"
    },
    {
        "key": "author_username",
        "q": "Author username?",
        "default": "%(author_username)s"
    },
    {
        "key": "author_fullname",
        "q": "Author full name?",
        "default": "%(author_username)s"
    },
    {
        "key": "author_email",
        "q": "Author email adress?",
        "default": ""
    },
    {
        "key": "license",
        "q": "License of the project?",
        "default": "Apache License, Version 2.0"
    },
    {
        "key": "summary",
        "q": "Describe the project in one sentence:",
        "default": ""
    },
    {
        "key": "repository_base",
        "q": "Reposity provider? <Github, Bitbucket>",
        "default": "https://github.com"
    },
    {
        "key": "repository_url",
        "q": "Project source code repository?",
        "default": "%(repository_base)s/%(author_username)s/%(project_name)s"
    },
    {
        "key": "homepage_url",
        "q": "Project homepage?",
        "default": "%(repository_base)s/%(author_username)s/%(project_name)s"
    },
    {
        "key": "issues_url",
        "q": "Project issues url?",
        "default": "%(repository_base)s/%(author_username)s/%(project_name)s/issues"
    }
]